[
    {
        "country_name": "Andorra",
        "country_code": "AD"
    },
    {
        "country_name": "United Arab Emirates",
        "country_code": "AE"
    },
    {
        "country_name": "Afghanistan",
        "country_code": "AF"
    },
    {
        "country_name": "Antigua and Barbuda",
        "country_code": "AG"
    },
    {
        "country_name": "Albania",
        "country_code": "AL"
    },
    {
        "country_name": "Armenia",
        "country_code": "AM"
    },
    {
        "country_name": "Angola",
        "country_code": "AO"
    },
    {
        "country_name": "Argentina",
        "country_code": "AR"
    },
    {
        "country_name": "Austria",
        "country_code": "AT"
    },
    {
        "country_name": "Australia",
        "country_code": "AU"
    },
    {
        "country_name": "Azerbaijan",
        "country_code": "AZ"
    },
    {
        "country_name": "Bosnia and Herzegovina",
        "country_code": "BA"
    },
    {
        "country_name": "Barbados",
        "country_code": "BB"
    },
    {
        "country_name": "Bangladesh",
        "country_code": "BD"
    },
    {
        "country_name": "Belgium",
        "country_code": "BE"
    },
    {
        "country_name": "Burkina Faso",
        "country_code": "BF"
    },
    {
        "country_name": "Bulgaria",
        "country_code": "BG"
    },
    {
        "country_name": "Bahrain",
        "country_code": "BH"
    },
    {
        "country_name": "Burundi",
        "country_code": "BI"
    },
    {
        "country_name": "Benin",
        "country_code": "BJ"
    },
    {
        "country_name": "Brunei",
        "country_code": "BN"
    },
    {
        "country_name": "Bolivia",
        "country_code": "BO"
    },
    {
        "country_name": "Brazil",
        "country_code": "BR"
    },
    {
        "country_name": "Bahamas",
        "country_code": "BS"
    },
    {
        "country_name": "Bhutan",
        "country_code": "BT"
    },
    {
        "country_name": "Botswana",
        "country_code": "BW"
    },
    {
        "country_name": "Belarus",
        "country_code": "BY"
    },
    {
        "country_name": "Belize",
        "country_code": "BZ"
    },
    {
        "country_name": "Canada",
        "country_code": "CA"
    },
    {
        "country_name": "Democratic Republic of the Congo",
        "country_code": "CD"
    },
    {
        "country_name": "Central African Republic",
        "country_code": "CF"
    },
    {
        "country_name": "Republic of the Congo",
        "country_code": "CG"
    },
    {
        "country_name": "Switzerland",
        "country_code": "CH"
    },
    {
        "country_name": "Ivory Coast",
        "country_code": "CI"
    },
    {
        "country_name": "Chile",
        "country_code": "CL"
    },
    {
        "country_name": "Cameroon",
        "country_code": "CM"
    },
    {
        "country_name": "China",
        "country_code": "CN"
    },
    {
        "country_name": "Colombia",
        "country_code": "CO"
    },
    {
        "country_name": "Costa Rica",
        "country_code": "CR"
    },
    {
        "country_name": "Cuba",
        "country_code": "CU"
    },
    {
        "country_name": "Cape Verde",
        "country_code": "CV"
    },
    {
        "country_name": "Cyprus",
        "country_code": "CY"
    },
    {
        "country_name": "Czechia",
        "country_code": "CZ"
    },
    {
        "country_name": "Germany",
        "country_code": "DE"
    },
    {
        "country_name": "Djibouti",
        "country_code": "DJ"
    },
    {
        "country_name": "Denmark",
        "country_code": "DK"
    },
    {
        "country_name": "Dominica",
        "country_code": "DM"
    },
    {
        "country_name": "Dominican Republic",
        "country_code": "DO"
    },
    {
        "country_name": "Algeria",
        "country_code": "DZ"
    },
    {
        "country_name": "Ecuador",
        "country_code": "EC"
    },
    {
        "country_name": "Estonia",
        "country_code": "EE"
    },
    {
        "country_name": "Egypt",
        "country_code": "EG"
    },
    {
        "country_name": "Eritrea",
        "country_code": "ER"
    },
    {
        "country_name": "Spain",
        "country_code": "ES"
    },
    {
        "country_name": "Ethiopia",
        "country_code": "ET"
    },
    {
        "country_name": "Finland",
        "country_code": "FI"
    },
    {
        "country_name": "Fiji",
        "country_code": "FJ"
    },
    {
        "country_name": "France",
        "country_code": "FR"
    },
    {
        "country_name": "Gabon",
        "country_code": "GA"
    },
    {
        "country_name": "United Kingdom",
        "country_code": "GB"
    },
    {
        "country_name": "Grenada",
        "country_code": "GD"
    },
    {
        "country_name": "Georgia",
        "country_code": "GE"
    },
    {
        "country_name": "Ghana",
        "country_code": "GH"
    },
    {
        "country_name": "Gambia",
        "country_code": "GM"
    },
    {
        "country_name": "Guinea",
        "country_code": "GN"
    },
    {
        "country_name": "Equatorial Guinea",
        "country_code": "GQ"
    },
    {
        "country_name": "Greece",
        "country_code": "GR"
    },
    {
        "country_name": "Guatemala",
        "country_code": "GT"
    },
    {
        "country_name": "Guinea-Bissau",
        "country_code": "GW"
    },
    {
        "country_name": "Guyana",
        "country_code": "GY"
    },
    {
        "country_name": "Honduras",
        "country_code": "HN"
    },
    {
        "country_name": "Croatia",
        "country_code": "HR"
    },
    {
        "country_name": "Haiti",
        "country_code": "HT"
    },
    {
        "country_name": "Hungary",
        "country_code": "HU"
    },
    {
        "country_name": "Indonesia",
        "country_code": "ID"
    },
    {
        "country_name": "Ireland",
        "country_code": "IE"
    },
    {
        "country_name": "Israel",
        "country_code": "IL"
    },
    {
        "country_name": "India",
        "country_code": "IN"
    },
    {
        "country_name": "Iraq",
        "country_code": "IQ"
    },
    {
        "country_name": "Iran",
        "country_code": "IR"
    },
    {
        "country_name": "Iceland",
        "country_code": "IS"
    },
    {
        "country_name": "Italy",
        "country_code": "IT"
    },
    {
        "country_name": "Jamaica",
        "country_code": "JM"
    },
    {
        "country_name": "Jordan",
        "country_code": "JO"
    },
    {
        "country_name": "Japan",
        "country_code": "JP"
    },
    {
        "country_name": "Kenya",
        "country_code": "KE"
    },
    {
        "country_name": "Kyrgyzstan",
        "country_code": "KG"
    },
    {
        "country_name": "Cambodia",
        "country_code": "KH"
    },
    {
        "country_name": "Kiribati",
        "country_code": "KI"
    },
    {
        "country_name": "Comoros",
        "country_code": "KM"
    },
    {
        "country_name": "Saint Kitts and Nevis",
        "country_code": "KN"
    },
    {
        "country_name": "North Korea",
        "country_code": "KP"
    },
    {
        "country_name": "South Korea",
        "country_code": "KR"
    },
    {
        "country_name": "Kuwait",
        "country_code": "KW"
    },
    {
        "country_name": "Kazakhstan",
        "country_code": "KZ"
    },
    {
        "country_name": "Laos",
        "country_code": "LA"
    },
    {
        "country_name": "Lebanon",
        "country_code": "LB"
    },
    {
        "country_name": "Saint Lucia",
        "country_code": "LC"
    },
    {
        "country_name": "Liechtenstein",
        "country_code": "LI"
    },
    {
        "country_name": "Sri Lanka",
        "country_code": "LK"
    },
    {
        "country_name": "Liberia",
        "country_code": "LR"
    },
    {
        "country_name": "Lesotho",
        "country_code": "LS"
    },
    {
        "country_name": "Lithuania",
        "country_code": "LT"
    },
    {
        "country_name": "Luxembourg",
        "country_code": "LU"
    },
    {
        "country_name": "Latvia",
        "country_code": "LV"
    },
    {
        "country_name": "Libya",
        "country_code": "LY"
    },
    {
        "country_name": "Morocco",
        "country_code": "MA"
    },
    {
        "country_name": "Monaco",
        "country_code": "MC"
    },
    {
        "country_name": "Moldova",
        "country_code": "MD"
    },
    {
        "country_name": "Montenegro",
        "country_code": "ME"
    },
    {
        "country_name": "Madagascar",
        "country_code": "MG"
    },
    {
        "country_name": "Macedonia",
        "country_code": "MK"
    },
    {
        "country_name": "Mali",
        "country_code": "ML"
    },
    {
        "country_name": "Myanmar",
        "country_code": "MM"
    },
    {
        "country_name": "Mongolia",
        "country_code": "MN"
    },
    {
        "country_name": "Mauritania",
        "country_code": "MR"
    },
    {
        "country_name": "Malta",
        "country_code": "MT"
    },
    {
        "country_name": "Mauritius",
        "country_code": "MU"
    },
    {
        "country_name": "Maldives",
        "country_code": "MV"
    },
    {
        "country_name": "Malawi",
        "country_code": "MW"
    },
    {
        "country_name": "Mexico",
        "country_code": "MX"
    },
    {
        "country_name": "Malaysia",
        "country_code": "MY"
    },
    {
        "country_name": "Mozambique",
        "country_code": "MZ"
    },
    {
        "country_name": "Namibia",
        "country_code": "NA"
    },
    {
        "country_name": "Niger",
        "country_code": "NE"
    },
    {
        "country_name": "Nigeria",
        "country_code": "NG"
    },
    {
        "country_name": "Nicaragua",
        "country_code": "NI"
    },
    {
        "country_name": "Netherlands",
        "country_code": "NL"
    },
    {
        "country_name": "Norway",
        "country_code": "NO"
    },
    {
        "country_name": "Nepal",
        "country_code": "NP"
    },
    {
        "country_name": "Nauru",
        "country_code": "NR"
    },
    {
        "country_name": "New Zealand",
        "country_code": "NZ"
    },
    {
        "country_name": "Oman",
        "country_code": "OM"
    },
    {
        "country_name": "Panama",
        "country_code": "PA"
    },
    {
        "country_name": "Peru",
        "country_code": "PE"
    },
    {
        "country_name": "Papua New Guinea",
        "country_code": "PG"
    },
    {
        "country_name": "Philippines",
        "country_code": "PH"
    },
    {
        "country_name": "Pakistan",
        "country_code": "PK"
    },
    {
        "country_name": "Poland",
        "country_code": "PL"
    },
    {
        "country_name": "Portugal",
        "country_code": "PT"
    },
    {
        "country_name": "Paraguay",
        "country_code": "PY"
    },
    {
        "country_name": "Qatar",
        "country_code": "QA"
    },
    {
        "country_name": "Romania",
        "country_code": "RO"
    },
    {
        "country_name": "Serbia",
        "country_code": "RS"
    },
    {
        "country_name": "Russia",
        "country_code": "RU"
    },
    {
        "country_name": "Rwanda",
        "country_code": "RW"
    },
    {
        "country_name": "Saudi Arabia",
        "country_code": "SA"
    },
    {
        "country_name": "Solomon Islands",
        "country_code": "SB"
    },
    {
        "country_name": "Seychelles",
        "country_code": "SC"
    },
    {
        "country_name": "Sudan",
        "country_code": "SD"
    },
    {
        "country_name": "Sweden",
        "country_code": "SE"
    },
    {
        "country_name": "Singapore",
        "country_code": "SG"
    },
    {
        "country_name": "Slovenia",
        "country_code": "SI"
    },
    {
        "country_name": "Slovakia",
        "country_code": "SK"
    },
    {
        "country_name": "Sierra Leone",
        "country_code": "SL"
    },
    {
        "country_name": "San Marino",
        "country_code": "SM"
    },
    {
        "country_name": "Senegal",
        "country_code": "SN"
    },
    {
        "country_name": "Somalia",
        "country_code": "SO"
    },
    {
        "country_name": "Suriname",
        "country_code": "SR"
    },
    {
        "country_name": "South Sudan",
        "country_code": "SS"
    },
    {
        "country_name": "Sao Tome and Principe",
        "country_code": "ST"
    },
    {
        "country_name": "El Salvador",
        "country_code": "SV"
    },
    {
        "country_name": "Syria",
        "country_code": "SY"
    },
    {
        "country_name": "Swaziland",
        "country_code": "SZ"
    },
    {
        "country_name": "Chad",
        "country_code": "TD"
    },
    {
        "country_name": "Togo",
        "country_code": "TG"
    },
    {
        "country_name": "Thailand",
        "country_code": "TH"
    },
    {
        "country_name": "Tajikistan",
        "country_code": "TJ"
    },
    {
        "country_name": "East Timor",
        "country_code": "TL"
    },
    {
        "country_name": "Turkmenistan",
        "country_code": "TM"
    },
    {
        "country_name": "Tunisia",
        "country_code": "TN"
    },
    {
        "country_name": "Tonga",
        "country_code": "TO"
    },
    {
        "country_name": "Turkey",
        "country_code": "TR"
    },
    {
        "country_name": "Trinidad and Tobago",
        "country_code": "TT"
    },
    {
        "country_name": "Tuvalu",
        "country_code": "TV"
    },
    {
        "country_name": "Taiwan",
        "country_code": "TW"
    },
    {
        "country_name": "Tanzania",
        "country_code": "TZ"
    },
    {
        "country_name": "Ukraine",
        "country_code": "UA"
    },
    {
        "country_name": "Uganda",
        "country_code": "UG"
    },
    {
        "country_name": "United States",
        "country_code": "US"
    },
    {
        "country_name": "Uruguay",
        "country_code": "UY"
    },
    {
        "country_name": "Uzbekistan",
        "country_code": "UZ"
    },
    {
        "country_name": "Vatican",
        "country_code": "VA"
    },
    {
        "country_name": "Saint Vincent and the Grenadines",
        "country_code": "VC"
    },
    {
        "country_name": "Venezuela",
        "country_code": "VE"
    },
    {
        "country_name": "Vietnam",
        "country_code": "VN"
    },
    {
        "country_name": "Vanuatu",
        "country_code": "VU"
    },
    {
        "country_name": "Samoa",
        "country_code": "WS"
    },
    {
        "country_name": "Kosovo",
        "country_code": "XK"
    },
    {
        "country_name": "Yemen",
        "country_code": "YE"
    },
    {
        "country_name": "South Africa",
        "country_code": "ZA"
    },
    {
        "country_name": "Zambia",
        "country_code": "ZM"
    },
    {
        "country_name": "Zimbabwe",
        "country_code": "ZW"
    }
]